date,outbound,inbound
2024-09-01,4674,2975
2024-09-02,5692,3413
2024-09-03,5576,3280
2024-09-04,4771,3114
2024-09-05,4617,2849
2024-09-06,5017,2359
2024-09-07,3893,3003
2024-09-08,4885,2870
2024-09-09,5786,3460
2024-09-10,5245,3287
2024-09-11,5033,3353
2024-09-12,4776,2949
2024-09-13,4983,2698
2024-09-14,4443,2823
2024-09-15,4894,2719
2024-09-16,5290,3250
2024-09-17,6181,3651
2024-09-18,5906,3408
2024-09-19,5120,2690
2024-09-20,4666,2827
2024-09-21,4870,2835
2024-09-22,5489,3184
2024-09-23,5154,3275
2024-09-24,5886,3268
2024-09-25,4888,3420
2024-09-26,4641,2938
2024-09-27,4836,2984
2024-09-28,4234,2987
2024-09-29,5013,2963
2024-09-30,5190,3230
2024-10-01,5470,3708
2024-10-02,4439,3199
2024-10-03,4315,2750
2024-10-04,4368,2500
2024-10-05,4955,2994
2024-10-06,5017,3067
2024-10-07,5463,3112
2024-10-08,5767,3464
2024-10-09,5029,3200
2024-10-10,4946,2576
2024-10-11,4350,2865
2024-10-12,4172,3073
2024-10-13,4966,3553
2024-10-14,5649,3284
2024-10-15,5677,3383
2024-10-16,5303,3496
2024-10-17,5592,2949
2024-10-18,4730,2809
2024-10-19,4998,2687
2024-10-20,5769,2770
2024-10-21,5102,3467
2024-10-22,5277,3088
2024-10-23,5844,3410
2024-10-24,4649,2765
2024-10-25,4629,2814
2024-10-26,5039,2745
2024-10-27,5379,3290
2024-10-28,6031,3351
2024-10-29,6052,3742
2024-10-30,5655,2972
2024-10-31,4671,3012
2024-11-01,4872,2777
2024-11-02,4827,2883
2024-11-03,4728,3382
2024-11-04,5944,3415
2024-11-05,5859,3127
2024-11-06,5362,3302
2024-11-07,4847,2853
2024-11-08,4289,2680
2024-11-09,4806,3043
2024-11-10,5280,2949
2024-11-11,5283,3229
2024-11-12,5980,3370
2024-11-13,5033,3392
2024-11-14,4294,3060
2024-11-15,4974,2735
2024-11-16,4640,2787
2024-11-17,5116,2844
2024-11-18,5295,3160
2024-11-19,5163,3240
2024-11-20,5753,3180
2024-11-21,4738,3348
2024-11-22,5174,2654
2024-11-23,5017,2789
2024-11-24,5073,2673
2024-11-25,5235,3439
2024-11-26,5439,3062
2024-11-27,5027,3035
2024-11-28,5585,3166
2024-11-29,4739,2375
2024-11-30,5134,2874
2024-12-01,4801,3251
2024-12-02,5629,3631
2024-12-03,6026,3201
2024-12-04,5304,3099
2024-12-05,5282,3325
2024-12-06,4379,2798
2024-12-07,4394,2715
2024-12-08,5309,2954
2024-12-09,5475,3139
2024-12-10,5880,3304
2024-12-11,4825,3448
2024-12-12,5200,3149
2024-12-13,5498,2575
2024-12-14,4809,2912
2024-12-15,5220,3024
2024-12-16,5656,3497
2024-12-17,5142,3368
2024-12-18,5560,3312
2024-12-19,4519,2947
2024-12-20,4604,2380
2024-12-21,5203,2885
2024-12-22,5003,2857
2024-12-23,5767,3496
2024-12-24,6019,3270
2024-12-25,5530,3124
2024-12-26,4603,2984
2024-12-27,4646,2940
2024-12-28,5432,2849
2024-12-29,4630,3447
2024-12-30,5548,3684
2024-12-31,5563,3756
2025-01-01,5497,3205
2025-01-02,5253,2696
2025-01-03,5243,3075
2025-01-04,4778,2807
2025-01-05,5495,3133
2025-01-06,5794,3487
2025-01-07,5885,3099
2025-01-08,5305,3584
2025-01-09,4743,3174
2025-01-10,4444,2908
2025-01-11,4646,3075
2025-01-12,5362,3244
2025-01-13,5887,3391
2025-01-14,5854,3365
2025-01-15,5324,3118
2025-01-16,5598,3064
2025-01-17,5244,2917
2025-01-18,4780,3121
2025-01-19,5032,3180
2025-01-20,5711,3204
2025-01-21,6151,3119
2025-01-22,5602,3247
2025-01-23,5238,3008
2025-01-24,4738,2832
2025-01-25,5037,2605
2025-01-26,5757,3361
2025-01-27,5615,3597
2025-01-28,5828,3276
2025-01-29,5593,3441
2025-01-30,5170,3211
2025-01-31,4392,2867
2025-02-01,4352,2728
2025-02-02,5002,3476
2025-02-03,5751,3465
2025-02-04,5965,3398
2025-02-05,5371,3441
2025-02-06,5512,3352
2025-02-07,4787,2767
2025-02-08,4935,3063
2025-02-09,5263,3549
2025-02-10,5755,3173
2025-02-11,6024,3345
2025-02-12,5744,3174
2025-02-13,4843,3003
2025-02-14,5301,2831
2025-02-15,4614,2992
2025-02-16,5359,3003
2025-02-17,5646,3279
2025-02-18,5512,3522
2025-02-19,5536,3332
2025-02-20,4904,3216
2025-02-21,4880,2962
2025-02-22,5078,3093
2025-02-23,5791,2946
2025-02-24,5835,3333
2025-02-25,5658,3839
2025-02-26,5455,3386
2025-02-27,5183,3198
2025-02-28,4900,2942
2025-03-01,5408,3031
2025-03-02,5782,3135
2025-03-03,5649,4131
2025-03-04,5690,3397
2025-03-05,4819,3307
2025-03-06,4990,2570
2025-03-07,4593,3115
2025-03-08,4878,2842
2025-03-09,5495,3176
2025-03-10,5824,3318
2025-03-11,5860,3455
2025-03-12,5660,3265
2025-03-13,5131,3054
2025-03-14,4959,2890
2025-03-15,4029,2929
2025-03-16,5311,3162
2025-03-17,5751,3693
2025-03-18,5781,3666
2025-03-19,5549,3506
2025-03-20,5394,2923
2025-03-21,4735,3159
2025-03-22,5673,3193
2025-03-23,5612,3092
2025-03-24,5797,3743
2025-03-25,5835,3360
2025-03-26,5602,2967
2025-03-27,4922,3297
2025-03-28,4899,2891
2025-03-29,5110,3169
2025-03-30,5593,3059
2025-03-31,5986,3193
2025-04-01,5829,3750
2025-04-02,5218,3061
2025-04-03,5010,2771
2025-04-04,5426,2537
2025-04-05,5309,2422
2025-04-06,5544,3009
2025-04-07,5598,3018
2025-04-08,5926,3504
2025-04-09,5280,2902
2025-04-10,5059,2871
2025-04-11,4882,3395
2025-04-12,4946,3057
2025-04-13,5734,3234
2025-04-14,5415,3135
2025-04-15,5679,3469
2025-04-16,5258,3366
2025-04-17,4867,2776
2025-04-18,5007,2961
2025-04-19,4588,3233
2025-04-20,5688,3161
2025-04-21,5780,3427
2025-04-22,5974,3117
2025-04-23,5781,3084
2025-04-24,5122,3316
2025-04-25,5294,2811
2025-04-26,5024,2816
2025-04-27,5654,3099
2025-04-28,5809,3462
2025-04-29,6054,3300
2025-04-30,5782,3396
2025-05-01,5342,2839
2025-05-02,4706,3105
2025-05-03,5227,2798
2025-05-04,5394,3509
2025-05-05,6072,3478
2025-05-06,5335,3370
2025-05-07,5273,3560
2025-05-08,5390,2843
2025-05-09,5571,2848
2025-05-10,5361,3016
2025-05-11,5299,3227
2025-05-12,5389,3085
2025-05-13,6218,3362
2025-05-14,5702,3418
2025-05-15,5472,2861
2025-05-16,5061,3217
2025-05-17,5133,3122
2025-05-18,6405,3156
2025-05-19,5909,3450
2025-05-20,5961,3925
2025-05-21,5704,3579
2025-05-22,5133,3208
2025-05-23,5337,2688
2025-05-24,5032,3356
2025-05-25,5722,3476
2025-05-26,6010,3471
2025-05-27,6389,3450
2025-05-28,5880,3361
2025-05-29,4959,2899
2025-05-30,4656,2884
2025-05-31,5575,3190
2025-06-01,5363,2911
2025-06-02,5542,3445
2025-06-03,5836,3590
2025-06-04,6148,3426
2025-06-05,4910,2911
2025-06-06,4808,2749
2025-06-07,4967,3262
2025-06-08,5184,3035
2025-06-09,5597,3717
2025-06-10,5596,3478
2025-06-11,5644,3629
2025-06-12,5244,3069
2025-06-13,4877,2759
2025-06-14,4684,3222
2025-06-15,5950,3283
2025-06-16,5568,3812
2025-06-17,6148,3759
2025-06-18,5474,3374
2025-06-19,5565,3070
2025-06-20,5383,3004
2025-06-21,4931,3096
2025-06-22,5010,3117
2025-06-23,6189,3697
2025-06-24,6642,3509
2025-06-25,5935,3342
2025-06-26,5427,3059
2025-06-27,5356,3052
2025-06-28,5438,2927
2025-06-29,5353,3327
2025-06-30,5797,4089
2025-07-01,6276,3584
2025-07-02,5781,3347
2025-07-03,5788,2841
2025-07-04,4913,3023
2025-07-05,5448,2850
2025-07-06,5718,3232
2025-07-07,5970,3573
2025-07-08,6460,3256
2025-07-09,6042,3472
2025-07-10,5105,3242
2025-07-11,5330,2761
2025-07-12,5649,3000
2025-07-13,5590,2948
2025-07-14,5948,3865
2025-07-15,5920,3675
2025-07-16,5848,3412
2025-07-17,5626,3156
2025-07-18,4907,3253
2025-07-19,4847,3067
2025-07-20,5531,3388
2025-07-21,5622,3861
2025-07-22,6292,3547
2025-07-23,5738,3236
2025-07-24,4908,3030
2025-07-25,5061,3320
2025-07-26,5207,3111
2025-07-27,5792,3228
2025-07-28,6007,3759
2025-07-29,6710,3823
2025-07-30,5725,3367
2025-07-31,5430,3008
2025-08-01,5149,2727
2025-08-02,5194,2741
2025-08-03,5714,3283
2025-08-04,6227,3392
2025-08-05,6565,4002
2025-08-06,5424,3480
2025-08-07,5309,2821
2025-08-08,5060,3332
2025-08-09,5574,3139
2025-08-10,5579,3483
2025-08-11,5510,3714
2025-08-12,6203,3696
2025-08-13,5898,3580
2025-08-14,5530,3264
2025-08-15,4896,2834
2025-08-16,5822,3187
2025-08-17,5602,3554
2025-08-18,6036,3543
2025-08-19,5921,3754
2025-08-20,5643,3567
2025-08-21,5124,3586
2025-08-22,5104,3011
2025-08-23,5033,3063
2025-08-24,6330,3333
2025-08-25,5540,3572
2025-08-26,5866,3196
2025-08-27,5816,3361
2025-08-28,5707,3290
2025-08-29,5112,3067
2025-08-30,5537,2968
2025-08-31,5431,3231
2025-09-01,6138,3528
2025-09-02,6742,3498
2025-09-03,5660,3394
2025-09-04,5644,3129
2025-09-05,5312,3255
2025-09-06,4673,3338
2025-09-07,5565,3557
2025-09-08,6474,3691
2025-09-09,6273,3523
2025-09-10,5601,3696
2025-09-11,5740,3181
2025-09-12,5120,3088
2025-09-13,5471,3410
2025-09-14,5869,3394
2025-09-15,5813,3663
2025-09-16,6484,3389
2025-09-17,5676,3608
2025-09-18,5155,3055
2025-09-19,5013,3292
2025-09-20,5273,3112
2025-09-21,5802,2937
2025-09-22,5931,3548
2025-09-23,6484,3633
2025-09-24,6068,3615
2025-09-25,5352,3392
2025-09-26,5559,3031
2025-09-27,5739,3359
2025-09-28,5754,2758
2025-09-29,6112,3484
2025-09-30,5743,3464
2025-10-01,5884,3274
2025-10-02,5487,3457
2025-10-03,5380,3270
2025-10-04,5354,3008
2025-10-05,5871,3634
2025-10-06,6651,3654
2025-10-07,6130,3609
2025-10-08,5873,3393
2025-10-09,5196,3117
2025-10-10,5317,3206
2025-10-11,5712,3300
2025-10-12,5286,3453
2025-10-13,6005,3231
2025-10-14,6314,3759
2025-10-15,6289,3652
2025-10-16,5717,3145
2025-10-17,5432,3127
2025-10-18,5365,2804
2025-10-19,5970,3167
2025-10-20,6523,3583
2025-10-21,5804,3645
2025-10-22,6267,3616
2025-10-23,5587,3049
2025-10-24,5189,3057
2025-10-25,4714,3086
2025-10-26,5425,3525
2025-10-27,6742,3939
2025-10-28,6124,4058
2025-10-29,5737,3239
2025-10-30,5494,3284
2025-10-31,5138,2910
2025-11-01,5498,3178
2025-11-02,6309,3511
2025-11-03,6070,3678
2025-11-04,6391,3711
2025-11-05,5732,3856
2025-11-06,6101,3445
2025-11-07,5433,3084
2025-11-08,5150,3203
2025-11-09,6139,3608
2025-11-10,6620,3791
2025-11-11,6407,3643
2025-11-12,5599,3212
2025-11-13,6194,3070
2025-11-14,5483,3175
2025-11-15,5840,2848
2025-11-16,5716,3410
2025-11-17,6155,3585
2025-11-18,6406,3935
2025-11-19,6438,3310
2025-11-20,5715,2928
2025-11-21,5027,3069
2025-11-22,5581,3339
2025-11-23,6384,3661
2025-11-24,6308,3501
2025-11-25,6426,3836
2025-11-26,5740,3358
2025-11-27,5266,3172
2025-11-28,5227,3274
2025-11-29,5419,3363
2025-11-30,5941,3255
2025-12-01,6352,3785
2025-12-02,6882,3375
2025-12-03,6150,3547
2025-12-04,6020,3101
2025-12-05,5420,3005
2025-12-06,5965,2971
2025-12-07,5362,3572
2025-12-08,6137,3808
2025-12-09,6710,3618
2025-12-10,6095,3670
2025-12-11,5994,3388
2025-12-12,5562,3148
2025-12-13,5828,3665
2025-12-14,6121,3300
2025-12-15,6533,3707
2025-12-16,6877,3687
2025-12-17,6456,3527
2025-12-18,6027,3374
2025-12-19,5466,3122
2025-12-20,5384,3068
2025-12-21,5754,3500
2025-12-22,6570,3948
2025-12-23,5711,3959
2025-12-24,5782,3649
2025-12-25,5454,3202
2025-12-26,5400,3225
2025-12-27,4783,3464
2025-12-28,6343,3721
2025-12-29,6538,3790
2025-12-30,7052,3704
2025-12-31,6507,3575
2026-01-01,6066,3511
2026-01-02,6163,3332
2026-01-03,5415,2902
2026-01-04,5528,3621
2026-01-05,6303,3867
2026-01-06,6223,3607
2026-01-07,6125,3470
2026-01-08,5455,3212
2026-01-09,5672,3066
2026-01-10,5754,2978
2026-01-11,5985,3559
2026-01-12,6480,3575
2026-01-13,6442,3777
2026-01-14,6442,3530
2026-01-15,5805,3421
2026-01-16,5436,3007
2026-01-17,5893,3317
2026-01-18,6386,3581
2026-01-19,6802,3905
2026-01-20,6202,4192
2026-01-21,6070,3218
2026-01-22,5288,3441
2026-01-23,5458,3074
2026-01-24,5753,2890
2026-01-25,5982,3679
2026-01-26,6994,4012
2026-01-27,6391,3727
2026-01-28,5918,3686
2026-01-29,5983,3372
2026-01-30,5589,3310
2026-01-31,5807,3458
2026-02-01,6127,3586
2026-02-02,6502,3822
2026-02-03,5890,4064
2026-02-04,6041,3618
2026-02-05,5649,3576
2026-02-06,5454,3066
2026-02-07,5522,3610
2026-02-08,6173,3672
2026-02-09,6623,3679
2026-02-10,6201,3396
2026-02-11,6478,3658
2026-02-12,6016,3162
2026-02-13,5712,3297
2026-02-14,5245,3586
2026-02-15,6196,3564
2026-02-16,6481,3731
2026-02-17,6843,3894
2026-02-18,6822,3722
2026-02-19,6331,2933
2026-02-20,5620,3292
2026-02-21,5684,3427
2026-02-22,6267,3487
2026-02-23,6136,3970
2026-02-24,6134,3807
2026-02-25,6159,3825
2026-02-26,6235,3867
2026-02-27,5501,3232
2026-02-28,6149,2922
2026-03-01,5255,3478
2026-03-02,6008,3436
